City_ID,City,Lat,Lng,Max Temp,Humidity,Cloudiness,Wind Speed,Weather description,Country,Date
0,Longyearbyen,78.2186,15.6401,8.44,52,20,26.46,few clouds,SJ,2022-04-04 03:32:23
1,Blackwater,-23.5833,148.8833,90.32,36,23,6.26,few clouds,AU,2022-04-04 03:32:23
2,Albany,42.6001,-73.9662,37.02,89,100,7.0,overcast clouds,US,2022-04-04 03:32:24
3,Bull Savanna,17.8868,-77.5902,73.6,84,22,5.32,few clouds,JM,2022-04-04 03:30:22
4,Busselton,-33.65,115.3333,72.41,42,8,12.82,clear sky,AU,2022-04-04 03:32:24
5,Cape Town,-33.9258,18.4232,57.9,84,0,5.75,clear sky,ZA,2022-04-04 03:27:48
6,Bredasdorp,-34.5322,20.0403,57.78,92,13,5.19,few clouds,ZA,2022-04-04 03:32:25
7,Marzuq,14.4,46.4667,72.25,23,7,0.98,clear sky,YE,2022-04-04 03:32:25
8,Kavieng,-2.5744,150.7967,84.65,68,100,6.85,overcast clouds,PG,2022-04-04 03:29:04
9,Avera,33.194,-82.5271,55.38,50,0,6.87,clear sky,US,2022-04-04 03:32:26
10,Zalantun,48.0,122.7167,53.71,24,100,7.99,overcast clouds,CN,2022-04-04 03:32:26
11,Fort Morgan,40.2503,-103.8,45.82,39,0,5.75,clear sky,US,2022-04-04 03:32:26
12,Waipawa,-41.4122,175.5153,64.51,69,3,4.36,clear sky,NZ,2022-04-04 03:32:27
13,Morant Bay,17.8815,-76.4093,80.22,86,43,5.99,scattered clouds,JM,2022-04-04 03:32:27
14,Ostrovnoy,68.0531,39.5131,14.95,94,90,7.49,overcast clouds,RU,2022-04-04 03:32:27
15,Punta Arenas,-53.15,-70.9167,39.31,81,40,24.16,light rain,CL,2022-04-04 03:32:28
16,Hermanus,-34.4187,19.2345,54.81,83,3,4.61,clear sky,ZA,2022-04-04 03:32:28
17,Hilo,19.7297,-155.09,76.73,80,100,8.05,overcast clouds,US,2022-04-04 03:32:28
18,Amapa,1.0,-52.0,71.71,99,100,1.86,overcast clouds,BR,2022-04-04 03:32:29
19,Georgetown,5.4112,100.3354,85.95,78,20,5.75,few clouds,MY,2022-04-04 03:30:24
20,Leningradskiy,69.3833,178.4167,-5.8,90,100,4.18,overcast clouds,RU,2022-04-04 03:30:20
21,Nishihara,26.1842,127.7558,71.65,55,75,18.41,broken clouds,JP,2022-04-04 03:32:29
22,Nouna,12.7333,-3.8667,87.08,34,95,4.99,overcast clouds,BF,2022-04-04 03:32:29
23,Mahebourg,-20.4081,57.7,81.25,83,75,12.66,broken clouds,MU,2022-04-04 03:32:30
24,Krasnoarmeysk,51.0239,45.6969,44.64,84,99,22.5,light rain,RU,2022-04-04 03:32:30
25,Beloha,-25.1667,45.05,71.01,91,2,7.94,clear sky,MG,2022-04-04 03:32:30
26,Dikson,73.5069,80.5464,5.29,91,62,10.27,broken clouds,RU,2022-04-04 03:32:31
27,Chokurdakh,70.6333,147.9167,0.59,88,98,6.67,overcast clouds,RU,2022-04-04 03:32:31
28,Yerbogachen,61.2767,108.0108,17.47,84,100,10.25,light snow,RU,2022-04-04 03:32:31
29,Yellowknife,62.456,-114.3525,19.92,63,20,18.41,few clouds,CA,2022-04-04 03:32:32
30,Akyab,20.15,92.9,83.79,69,23,7.49,few clouds,MM,2022-04-04 03:32:32
31,Cidreira,-30.1811,-50.2056,68.0,96,100,9.86,moderate rain,BR,2022-04-04 03:32:32
32,Rikitea,-23.1203,-134.9692,77.81,64,91,9.86,overcast clouds,PF,2022-04-04 03:32:33
33,Mataura,-46.1927,168.8643,66.61,45,29,2.73,scattered clouds,NZ,2022-04-04 03:32:33
34,Teguise,29.0605,-13.564,55.62,88,0,8.05,clear sky,ES,2022-04-04 03:32:33
35,Atuona,-9.8,-139.0333,79.75,74,9,20.24,clear sky,PF,2022-04-04 03:32:34
36,East London,-33.0153,27.9116,67.14,100,0,8.05,clear sky,ZA,2022-04-04 03:32:34
37,Bathsheba,13.2167,-59.5167,77.61,73,75,19.57,broken clouds,BB,2022-04-04 03:32:34
38,Ushuaia,-54.8,-68.3,35.26,87,40,2.3,scattered clouds,AR,2022-04-04 03:28:50
39,Rocha,-34.4833,-54.3333,61.54,95,4,7.27,clear sky,UY,2022-04-04 03:32:35
40,Sergeyevka,53.88,67.4158,43.11,74,95,13.82,overcast clouds,KZ,2022-04-04 03:32:11
41,Gibsons,49.3997,-123.5027,45.09,95,100,9.73,moderate rain,CA,2022-04-04 03:30:29
42,San Cristobal,7.7669,-72.225,68.18,83,72,2.59,broken clouds,VE,2022-04-04 03:32:35
43,Zapolyarnyy,69.4154,30.8136,7.88,99,99,2.82,overcast clouds,RU,2022-04-04 03:32:35
44,Alofi,-19.0595,-169.9187,84.09,65,86,2.3,overcast clouds,NU,2022-04-04 03:33:36
45,Nanzhang,31.7765,111.8386,70.07,50,100,5.73,overcast clouds,CN,2022-04-04 03:33:36
46,Sao Joao Da Barra,-21.6403,-41.0511,73.6,94,2,6.31,clear sky,BR,2022-04-04 03:33:36
47,Libourne,44.9167,-0.25,33.22,82,3,4.65,clear sky,FR,2022-04-04 03:33:37
48,Vila Franca Do Campo,37.7167,-25.4333,55.81,68,61,10.18,broken clouds,PT,2022-04-04 03:33:37
49,Tasiilaq,65.6145,-37.6368,19.56,93,100,7.72,overcast clouds,GL,2022-04-04 03:33:37
50,Bengkulu,-3.8004,102.2655,84.31,56,22,7.02,few clouds,ID,2022-04-04 03:33:38
51,Bambous Virieux,-20.3428,57.7575,81.21,83,75,12.66,broken clouds,MU,2022-04-04 03:33:38
52,Yangshan,28.7615,115.0287,64.45,46,88,4.29,overcast clouds,CN,2022-04-04 03:33:38
53,Upernavik,72.7868,-56.1549,12.69,81,76,3.71,broken clouds,GL,2022-04-04 03:33:39
54,Port Elizabeth,-33.918,25.5701,63.32,90,0,8.05,clear sky,ZA,2022-04-04 03:33:39
55,Vaini,-21.2,-175.2,82.56,83,75,5.75,broken clouds,TO,2022-04-04 03:33:39
56,Caravelas,-17.7125,-39.2481,76.1,81,1,4.63,clear sky,BR,2022-04-04 03:33:40
57,Khanpur,28.6453,70.6567,91.78,6,7,5.28,clear sky,PK,2022-04-04 03:33:40
58,Beringovskiy,63.05,179.3167,1.6,78,33,14.74,scattered clouds,RU,2022-04-04 03:33:40
59,Luderitz,-26.6481,15.1594,57.94,83,0,3.94,clear sky,NA,2022-04-04 03:33:41
60,Sao Francisco,-15.9486,-44.8644,71.24,55,15,5.5,few clouds,BR,2022-04-04 03:33:41
61,Puerto Ayora,-0.7393,-90.3518,78.55,87,100,5.12,overcast clouds,EC,2022-04-04 03:33:41
62,The Valley,18.217,-63.0578,77.83,68,1,19.51,clear sky,AI,2022-04-04 03:33:42
63,Chunskiy,56.0815,99.6342,30.83,49,41,7.85,scattered clouds,RU,2022-04-04 03:33:42
64,Padang,-0.9492,100.3543,87.85,57,4,6.44,clear sky,ID,2022-04-04 03:33:42
65,San Patricio,28.017,-97.5169,73.89,69,96,13.62,overcast clouds,US,2022-04-04 03:33:43
66,Oranjemund,-28.55,16.4333,60.85,78,89,5.17,overcast clouds,NA,2022-04-04 03:33:43
67,Arraial Do Cabo,-22.9661,-42.0278,75.61,87,3,4.05,clear sky,BR,2022-04-04 03:33:43
68,Samarkand,39.6542,66.9597,58.42,47,0,9.22,clear sky,UZ,2022-04-04 03:33:43
69,Kavaratti,10.5669,72.642,82.8,71,16,7.16,few clouds,IN,2022-04-04 03:33:44
70,Victoria,22.2855,114.1577,73.45,49,0,14.65,clear sky,HK,2022-04-04 03:30:55
71,Torbay,47.6666,-52.7314,34.57,88,20,14.97,few clouds,CA,2022-04-04 03:33:44
72,Aksay,47.26,39.87,47.25,78,66,15.99,broken clouds,RU,2022-04-04 03:33:44
73,Tuktoyaktuk,69.4541,-133.0374,-16.6,76,75,3.44,broken clouds,CA,2022-04-04 03:33:45
74,Tungor,53.3808,142.9564,42.49,78,55,20.36,broken clouds,RU,2022-04-04 03:33:45
75,Sosnovo-Ozerskoye,52.5249,111.5418,26.19,37,98,13.18,overcast clouds,RU,2022-04-04 03:33:45
76,Jamestown,42.097,-79.2353,35.19,64,100,9.22,overcast clouds,US,2022-04-04 03:31:40
77,Coihaique,-45.5752,-72.0662,48.15,71,100,5.75,light rain,CL,2022-04-04 03:28:57
78,Mar Del Plata,-38.0023,-57.5575,54.88,58,0,10.0,clear sky,AR,2022-04-04 03:33:46
79,San Ignacio,17.1561,-89.0714,80.74,69,0,0.0,clear sky,BZ,2022-04-04 03:33:46
80,Sao Filipe,14.8961,-24.4956,70.34,71,3,8.05,clear sky,CV,2022-04-04 03:33:47
81,Payson,40.0444,-111.7321,52.27,29,0,11.5,clear sky,US,2022-04-04 03:33:47
82,Port Alfred,-33.5906,26.891,62.19,91,38,6.08,scattered clouds,ZA,2022-04-04 03:33:47
83,Bethel,41.3712,-73.414,40.5,90,99,4.0,overcast clouds,US,2022-04-04 03:33:47
84,Barrow,71.2906,-156.7887,-5.78,77,100,13.8,haze,US,2022-04-04 03:33:48
85,Port Hedland,-20.3167,118.5667,96.85,34,0,4.61,clear sky,AU,2022-04-04 03:32:59
86,Itarema,-2.9248,-39.9167,75.51,92,53,8.28,light rain,BR,2022-04-04 03:33:48
87,Ribeira Grande,38.5167,-28.7,59.67,74,97,12.93,overcast clouds,PT,2022-04-04 03:33:48
88,Mount Gambier,-37.8333,140.7667,64.31,55,100,6.91,overcast clouds,AU,2022-04-04 03:33:49
89,Prince Rupert,54.3161,-130.3201,40.69,87,20,29.93,few clouds,CA,2022-04-04 03:30:11
90,Hobart,-42.8794,147.3294,71.02,74,75,10.36,broken clouds,AU,2022-04-04 03:30:02
91,Koumac,-20.5667,164.2833,82.09,81,100,8.01,light rain,NC,2022-04-04 03:34:49
92,Port Blair,11.6667,92.75,83.77,69,100,7.58,light rain,IN,2022-04-04 03:30:15
93,Erenhot,43.6475,111.9767,59.23,12,92,20.4,overcast clouds,CN,2022-04-04 03:34:50
94,Nikolskoye,59.7035,30.7861,27.88,96,51,4.54,broken clouds,RU,2022-04-04 03:34:50
95,Lorengau,-2.0226,147.2712,83.73,77,76,6.6,light rain,PG,2022-04-04 03:34:50
96,Lompoc,34.6391,-120.4579,53.78,85,100,9.22,overcast clouds,US,2022-04-04 03:29:58
97,Westport,41.1415,-73.3579,42.57,92,100,5.75,light rain,US,2022-04-04 03:34:51
98,Seymchan,62.8833,152.4333,8.4,70,96,1.61,overcast clouds,RU,2022-04-04 03:34:51
99,Yar-Sale,66.8333,70.8333,17.4,94,100,24.63,light snow,RU,2022-04-04 03:34:52
100,Brindisi,40.5833,17.6667,48.78,76,100,3.38,overcast clouds,IT,2022-04-04 03:30:19
101,Shubarshi,48.5872,57.1869,49.66,66,100,5.86,overcast clouds,KZ,2022-04-04 03:34:52
102,Souillac,-20.5167,57.5167,79.18,83,75,12.66,broken clouds,MU,2022-04-04 03:34:52
103,Ribeira Do Pombal,-10.8344,-38.5358,70.36,93,27,1.59,scattered clouds,BR,2022-04-04 03:34:53
104,Pacific Grove,36.6177,-121.9166,56.7,81,100,9.22,overcast clouds,US,2022-04-04 03:31:41
105,Anapskaya,44.89,37.38,48.43,87,75,13.42,broken clouds,RU,2022-04-04 03:34:53
106,Dicabisagan,17.0818,122.4157,78.24,85,90,9.64,moderate rain,PH,2022-04-04 03:34:53
107,Necochea,-38.5473,-58.7368,50.25,46,1,15.35,clear sky,AR,2022-04-04 03:34:54
108,Jijiga,9.35,42.8,66.43,37,62,1.48,broken clouds,ET,2022-04-04 03:34:54
109,Beni,0.5,29.4667,61.11,99,99,1.23,light rain,CD,2022-04-04 03:34:54
110,Bluff,-46.6,168.3333,59.38,71,64,7.07,broken clouds,NZ,2022-04-04 03:34:55
111,Zhangye,38.9342,100.4517,58.26,15,8,6.78,clear sky,CN,2022-04-04 03:34:55
112,Isangel,-19.55,169.2667,89.71,66,75,6.91,broken clouds,VU,2022-04-04 03:34:55
113,New Norfolk,-42.7826,147.0587,70.66,48,56,3.27,broken clouds,AU,2022-04-04 03:34:55
114,Saldanha,-33.0117,17.9442,59.05,94,1,11.74,clear sky,ZA,2022-04-04 03:34:56
115,Pevek,69.7008,170.3133,-3.84,89,5,0.96,clear sky,RU,2022-04-04 03:34:56
116,Kaitangata,-46.2817,169.8464,58.59,70,32,5.95,scattered clouds,NZ,2022-04-04 03:34:56
117,Talas,38.6908,35.5538,38.07,48,0,0.0,clear sky,TR,2022-04-04 03:34:57
118,Vardo,70.3705,31.1107,28.24,62,99,14.65,overcast clouds,NO,2022-04-04 03:34:57
119,Chaman,30.9236,66.4512,72.09,8,0,4.72,clear sky,PK,2022-04-04 03:34:57
120,Ban Nahin,18.2418,104.2122,68.97,51,100,3.4,overcast clouds,LA,2022-04-04 03:34:58
121,Tatarskaya Pishlya,54.0608,44.8998,30.99,92,100,6.78,overcast clouds,RU,2022-04-04 03:34:58
122,Lebu,-37.6167,-73.65,51.06,79,0,18.16,clear sky,CL,2022-04-04 03:34:58
123,Te Anau,-45.4167,167.7167,68.88,41,62,2.33,broken clouds,NZ,2022-04-04 03:34:59
124,Iqaluit,63.7506,-68.5145,17.33,79,75,13.8,broken clouds,CA,2022-04-04 03:34:59
125,Saint James,13.2167,-59.6167,75.65,73,83,16.51,broken clouds,BB,2022-04-04 03:34:59
126,Phuthaditjhaba,-28.5242,28.8158,55.13,94,100,4.97,light rain,ZA,2022-04-04 03:35:00
127,Pangkalanbuun,-2.6833,111.6167,94.55,44,21,2.42,few clouds,ID,2022-04-04 03:35:00
128,Saint Anthony,45.0205,-93.218,37.09,90,100,12.66,light snow,US,2022-04-04 03:30:34
129,Naze,28.3667,129.4833,68.92,48,0,12.1,clear sky,JP,2022-04-04 03:35:00
130,Gizo,-8.103,156.8419,85.21,71,97,11.97,light rain,SB,2022-04-04 03:32:58
131,Kapaa,22.0752,-159.319,82.38,79,100,20.71,overcast clouds,US,2022-04-04 03:35:01
132,Katobu,-4.9408,122.5276,88.72,53,80,4.16,broken clouds,ID,2022-04-04 03:35:01
133,Acapulco,16.8634,-99.8901,75.02,83,0,6.91,clear sky,MX,2022-04-04 03:35:01
134,Barpeta,26.3167,91.0,85.28,56,19,9.82,moderate rain,IN,2022-04-04 03:35:02
135,Alexandria,31.2156,29.9553,60.76,72,0,4.61,clear sky,EG,2022-04-04 03:35:02
136,Lodwar,3.1191,35.5973,82.22,43,93,3.0,overcast clouds,KE,2022-04-04 03:35:02
137,Mecca,21.4267,39.8261,82.2,23,48,3.09,scattered clouds,SA,2022-04-04 03:35:03
138,San Policarpo,12.1791,125.5072,82.53,80,63,14.16,light rain,PH,2022-04-04 03:36:03
139,Lumphat,13.4878,106.9816,83.07,54,100,8.88,overcast clouds,KH,2022-04-04 03:36:03
140,Kodiak,57.79,-152.4072,36.91,87,100,13.8,overcast clouds,US,2022-04-04 03:36:04
141,Rio Claro,-22.4114,-47.5614,67.17,94,2,2.35,clear sky,BR,2022-04-04 03:34:24
142,Pitimbu,-7.4706,-34.8086,75.79,80,87,10.54,light rain,BR,2022-04-04 03:36:04
143,Mandawar,29.5,78.1333,91.2,7,0,3.58,clear sky,IN,2022-04-04 03:36:04
144,Faya,18.3851,42.4509,59.11,32,90,2.68,overcast clouds,SA,2022-04-04 03:36:05
145,Rio Grande,-32.035,-52.0986,60.94,94,100,7.4,overcast clouds,BR,2022-04-04 03:36:05
146,Swan Hill,-35.3378,143.5544,75.9,38,34,7.23,scattered clouds,AU,2022-04-04 03:36:06
147,Vanavara,60.34,102.2797,22.26,68,43,9.91,scattered clouds,RU,2022-04-04 03:36:06
148,Sabang,5.8933,95.3214,81.68,70,94,2.37,overcast clouds,ID,2022-04-04 03:36:06
149,Fukuma,33.7667,130.4667,66.15,45,0,11.92,clear sky,JP,2022-04-04 03:36:07
150,Poya,-21.35,165.15,81.39,82,100,4.65,overcast clouds,NC,2022-04-04 03:36:07
151,Puerto Colombia,10.9878,-74.9547,80.69,86,80,19.95,broken clouds,CO,2022-04-04 03:36:07
152,Castro,-24.7911,-50.0119,60.28,99,47,4.52,scattered clouds,BR,2022-04-04 03:36:08
153,San Quintin,30.4833,-115.95,59.2,77,1,11.41,clear sky,MX,2022-04-04 03:36:08
154,Verkhnechusovskiye Gorodki,58.1671,57.1086,35.74,91,100,10.04,overcast clouds,RU,2022-04-04 03:36:08
155,Los Llanos De Aridane,28.6585,-17.9182,55.15,72,0,5.75,clear sky,ES,2022-04-04 03:36:09
156,Butaritari,3.0707,172.7902,81.61,76,99,12.24,overcast clouds,KI,2022-04-04 03:36:09
157,Jambi,-1.6,103.6167,90.99,52,39,2.33,scattered clouds,ID,2022-04-04 03:36:09
158,Saint-Philippe,-21.3585,55.7679,74.79,85,98,14.52,overcast clouds,RE,2022-04-04 03:36:10
159,Adrar,20.5022,-10.0711,68.43,19,1,11.16,clear sky,MR,2022-04-04 03:36:10
160,Sobolevo,54.4299,31.8996,17.8,93,53,4.68,broken clouds,RU,2022-04-04 03:36:10
161,Qaanaaq,77.484,-69.3632,11.08,68,92,7.94,overcast clouds,GL,2022-04-04 03:36:10
162,Qingdao,36.0986,120.3719,62.2,45,0,11.18,clear sky,CN,2022-04-04 03:36:11
163,Berlevag,70.8578,29.0864,23.0,78,95,11.79,overcast clouds,NO,2022-04-04 03:36:11
164,Moerai,-22.4333,-151.3333,81.77,79,100,13.38,overcast clouds,PF,2022-04-04 03:36:11
165,Mapiripan,2.8892,-72.1256,72.95,95,54,3.85,broken clouds,CO,2022-04-04 03:36:12
166,Tabou,4.423,-7.3528,78.69,88,100,8.16,overcast clouds,CI,2022-04-04 03:36:12
167,Loudi,27.7344,111.9944,69.6,47,49,3.44,scattered clouds,CN,2022-04-04 03:36:12
168,Petropavlovsk-Kamchatskiy,53.0452,158.6483,34.39,41,0,15.66,clear sky,RU,2022-04-04 03:36:13
169,Biak,-0.9131,122.8766,80.91,80,80,2.42,moderate rain,ID,2022-04-04 03:36:13
170,Diffa,13.3154,12.6113,81.21,9,97,10.13,overcast clouds,NE,2022-04-04 03:36:13
171,Kashan,33.9831,51.4364,74.97,15,47,3.02,scattered clouds,IR,2022-04-04 03:36:14
172,Kungsbacka,57.4872,12.0761,41.07,88,100,23.0,heavy intensity rain,SE,2022-04-04 03:36:14
173,Carnarvon,-24.8667,113.6333,80.67,74,40,13.8,scattered clouds,AU,2022-04-04 03:36:14
174,Sinop,41.7711,34.8709,42.46,70,9,6.35,clear sky,TR,2022-04-04 03:36:15
175,Katsuura,35.1333,140.3,51.82,91,100,7.99,heavy intensity rain,JP,2022-04-04 03:36:15
176,Fukue,32.6881,128.8419,62.96,48,20,12.66,few clouds,JP,2022-04-04 03:36:16
177,Banda Aceh,5.5577,95.3222,83.71,66,86,1.68,overcast clouds,ID,2022-04-04 03:36:16
178,Nabire,-3.3667,135.4833,87.89,51,33,5.19,scattered clouds,ID,2022-04-04 03:36:16
179,Thompson,55.7435,-97.8558,33.96,60,100,5.75,overcast clouds,CA,2022-04-04 03:36:16
180,Salalah,17.0151,54.0924,73.49,64,0,4.61,clear sky,OM,2022-04-04 03:34:51
181,Ketchikan,55.3422,-131.6461,39.67,87,100,12.66,light rain,US,2022-04-04 03:36:17
182,Vostok,46.4856,135.8833,50.76,57,0,10.54,clear sky,RU,2022-04-04 03:36:17
183,Inirida,3.8653,-67.9239,73.24,98,100,1.54,light rain,CO,2022-04-04 03:37:18
184,Tiksi,71.6872,128.8694,7.59,90,100,9.93,overcast clouds,RU,2022-04-04 03:37:18
185,Saint George,37.1041,-113.5841,70.39,30,0,3.0,clear sky,US,2022-04-04 03:37:18
186,Lata,40.1629,-8.3327,40.91,56,1,12.28,clear sky,PT,2022-04-04 03:37:19
187,Atasu,48.6814,71.6433,41.81,72,28,6.02,scattered clouds,KZ,2022-04-04 03:37:19
188,Sherlovaya Gora,50.5667,116.25,23.32,56,100,8.12,light snow,RU,2022-04-04 03:37:19
189,Namibe,-15.1961,12.1522,68.7,83,85,10.0,overcast clouds,AO,2022-04-04 03:37:20
190,Jimani,18.4917,-71.8502,80.49,88,81,4.92,light rain,DO,2022-04-04 03:37:20
191,Horsham,51.064,-0.3272,44.53,72,0,12.66,clear sky,GB,2022-04-04 03:37:20
192,Wuda,39.4994,106.7117,63.28,9,100,15.03,overcast clouds,CN,2022-04-04 03:37:21
193,Pisco,-13.7,-76.2167,66.25,82,0,9.22,clear sky,PE,2022-04-04 03:37:21
194,Chuy,-33.6971,-53.4616,61.95,96,5,5.01,clear sky,UY,2022-04-04 03:37:22
195,Tevaitoa,-16.7833,-151.5,82.36,70,16,12.82,few clouds,PF,2022-04-04 03:37:22
196,Narsaq,60.9167,-46.05,41.22,74,50,5.06,scattered clouds,GL,2022-04-04 03:37:22
197,Campina Verde,-19.5356,-49.4864,74.34,76,92,3.02,overcast clouds,BR,2022-04-04 03:37:22
198,Provideniya,64.3833,-173.3,12.36,62,0,15.99,clear sky,RU,2022-04-04 03:37:23
199,Yulara,-25.2406,130.9889,87.64,11,0,8.05,clear sky,AU,2022-04-04 03:37:23
200,Severo-Yeniseyskiy,60.3725,93.0408,22.69,82,92,4.72,overcast clouds,RU,2022-04-04 03:37:24
201,Kalabo,-14.97,22.6814,64.8,95,93,1.28,light rain,ZM,2022-04-04 03:37:24
202,Mookane,-23.688,26.6595,64.71,90,100,7.43,light rain,BW,2022-04-04 03:37:24
203,Dingle,10.9995,122.6711,86.59,64,93,15.26,light rain,PH,2022-04-04 03:37:25
204,Nador,35.174,-2.9287,57.45,62,75,17.27,light rain,MA,2022-04-04 03:37:25
205,Todos Santos,23.45,-110.2167,61.66,83,88,9.19,overcast clouds,MX,2022-04-04 03:37:25
206,Kaseda,31.4167,130.3167,60.39,49,0,10.49,clear sky,JP,2022-04-04 03:37:26
207,Talnakh,69.4865,88.3972,5.58,94,84,8.52,broken clouds,RU,2022-04-04 03:37:26
208,Cherskiy,68.75,161.3,3.04,86,100,3.11,overcast clouds,RU,2022-04-04 03:37:26
209,Maryville,35.7565,-83.9705,50.14,62,38,4.83,scattered clouds,US,2022-04-04 03:37:27
210,Hualmay,-11.0964,-77.6139,68.14,89,65,8.75,broken clouds,PE,2022-04-04 03:37:27
211,Coolum Beach,-26.5333,153.1,80.11,77,17,5.86,few clouds,AU,2022-04-04 03:37:27
212,Akim Swedru,5.8938,-1.0164,75.42,96,100,2.62,overcast clouds,GH,2022-04-04 03:37:27
213,Richards Bay,-28.783,32.0377,75.52,83,77,14.74,broken clouds,ZA,2022-04-04 03:37:28
214,Ola,59.5833,151.2833,20.79,74,40,2.08,scattered clouds,RU,2022-04-04 03:37:28
215,Baykit,61.67,96.37,24.28,77,29,2.95,scattered clouds,RU,2022-04-04 03:37:28
216,Avarua,-21.2078,-159.775,78.85,83,100,3.44,overcast clouds,CK,2022-04-04 03:37:29
217,Hasaki,35.7333,140.8333,52.29,85,100,16.55,moderate rain,JP,2022-04-04 03:37:29
218,Havoysund,70.9963,24.6622,28.63,66,100,9.22,light snow,NO,2022-04-04 03:37:29
219,Porto Torres,40.835,8.3972,39.38,63,100,4.85,overcast clouds,IT,2022-04-04 03:37:30
220,Muisne,0.6,-80.0333,77.36,87,90,6.49,overcast clouds,EC,2022-04-04 03:37:30
221,Nago,26.5881,127.9761,72.45,56,1,12.88,clear sky,JP,2022-04-04 03:37:30
222,Klaksvik,62.2266,-6.589,38.32,83,100,23.47,overcast clouds,FO,2022-04-04 03:37:31
223,Marabba,12.35,32.1833,85.15,20,57,6.89,broken clouds,SD,2022-04-04 03:37:31
224,Norman Wells,65.282,-126.8329,3.24,55,75,5.75,broken clouds,CA,2022-04-04 03:37:31
225,Alice Springs,-23.7,133.8833,85.55,13,0,6.91,clear sky,AU,2022-04-04 03:34:12
226,Cabo San Lucas,22.8909,-109.9124,68.61,71,42,1.01,scattered clouds,MX,2022-04-04 03:34:31
227,Geraldton,-28.7667,114.6,75.61,73,75,16.11,broken clouds,AU,2022-04-04 03:37:32
228,Viedma,-40.8135,-62.9967,52.03,48,1,14.63,clear sky,AR,2022-04-04 03:37:32
229,Martapura,-3.4167,114.85,77.09,88,40,3.44,thunderstorm with rain,ID,2022-04-04 03:38:33
230,Cockburn Town,21.4612,-71.1419,76.96,83,40,13.8,scattered clouds,TC,2022-04-04 03:38:33
231,Ponta Do Sol,32.6667,-17.1,59.72,62,79,12.97,broken clouds,PT,2022-04-04 03:38:33
232,Trud,42.2333,24.7333,40.98,75,40,11.5,scattered clouds,BG,2022-04-04 03:38:33
233,Kuah,6.3265,99.8432,85.98,70,20,5.75,light rain,MY,2022-04-04 03:38:34
234,Port Lincoln,-34.7333,135.8667,69.58,58,9,7.02,clear sky,AU,2022-04-04 03:38:34
235,Tual,-5.6667,132.75,82.49,63,13,2.77,few clouds,ID,2022-04-04 03:38:34
236,Puerto Baquerizo Moreno,-0.9,-89.6,78.37,83,100,8.01,overcast clouds,EC,2022-04-04 03:38:35
237,Flin Flon,54.7682,-101.865,30.36,94,100,4.32,overcast clouds,CA,2022-04-04 03:38:02
238,Ilulissat,69.2167,-51.1,24.82,80,15,0.0,few clouds,GL,2022-04-04 03:38:35
239,Fairbanks,64.8378,-147.7164,22.82,62,0,10.36,clear sky,US,2022-04-04 03:33:58
240,Micheweni,-4.9667,39.8333,82.11,75,32,5.1,scattered clouds,TZ,2022-04-04 03:38:36
241,Fredericksburg,38.3032,-77.4605,48.15,54,75,6.91,broken clouds,US,2022-04-04 03:37:35
242,Yatou,37.15,122.3833,56.84,51,0,15.88,clear sky,CN,2022-04-04 03:38:36
243,Eyl,7.9803,49.8164,77.63,79,12,3.09,few clouds,SO,2022-04-04 03:38:36
244,Bondoukou,8.0333,-2.8,73.63,86,99,4.47,overcast clouds,CI,2022-04-04 03:38:37
245,Teguldet,57.3064,88.1667,30.04,74,100,9.64,overcast clouds,RU,2022-04-04 03:38:37
246,Haines Junction,60.7522,-137.5108,33.75,64,100,9.22,overcast clouds,CA,2022-04-04 03:38:37
247,Bayanday,53.0661,105.5139,27.16,55,61,9.71,broken clouds,RU,2022-04-04 03:38:38
248,Aksarka,66.5606,67.7975,19.36,94,100,22.77,light snow,RU,2022-04-04 03:38:38
249,Little Current,45.9793,-81.9248,33.85,92,100,2.68,overcast clouds,CA,2022-04-04 03:34:34
250,Yunhe,34.0833,119.7167,61.43,41,87,8.46,overcast clouds,CN,2022-04-04 03:38:38
251,Zaria,11.1113,7.7227,75.79,43,97,5.14,overcast clouds,NG,2022-04-04 03:38:39
252,Nueve De Julio,-35.4444,-60.8831,47.21,46,2,6.64,clear sky,AR,2022-04-04 03:38:39
253,Beyneu,45.3167,55.2,62.4,48,83,10.02,broken clouds,KZ,2022-04-04 03:35:48
254,Kayerkan,69.3497,87.7602,10.53,85,13,5.93,few clouds,RU,2022-04-04 03:38:39
255,Marsala,37.7966,12.4352,50.94,93,20,2.3,few clouds,IT,2022-04-04 03:38:40
256,Honningsvag,70.9821,25.9704,28.15,64,75,11.5,broken clouds,NO,2022-04-04 03:38:40
257,Sept-Iles,50.2001,-66.3821,30.72,51,0,6.91,clear sky,CA,2022-04-04 03:38:40
258,Labuhan,-6.8844,112.2051,86.05,66,79,5.08,broken clouds,ID,2022-04-04 03:38:41
259,Esperance,-33.8667,121.9,69.64,86,98,18.43,light rain,AU,2022-04-04 03:38:41
260,Codrington,-38.2667,141.9667,64.33,59,77,13.24,broken clouds,AU,2022-04-04 03:38:41
261,Deputatskiy,69.3,139.9,0.45,84,23,3.02,few clouds,RU,2022-04-04 03:38:42
262,Fortuna,40.5982,-124.1573,50.67,86,0,5.75,clear sky,US,2022-04-04 03:38:42
263,Dwarka,22.2394,68.9678,81.52,58,2,11.01,clear sky,IN,2022-04-04 03:38:42
264,Den Helder,52.9599,4.7593,45.01,82,75,26.46,drizzle,NL,2022-04-04 03:33:56
265,Hofn,64.2539,-15.2082,31.62,83,98,13.67,overcast clouds,IS,2022-04-04 03:38:43
266,Khatanga,71.9667,102.5,-10.23,93,80,2.93,broken clouds,RU,2022-04-04 03:38:43
267,Magoula,38.0833,23.5167,55.65,49,0,0.0,clear sky,GR,2022-04-04 03:38:43
268,Lavrentiya,65.5833,-171.0,-3.89,88,5,10.36,clear sky,RU,2022-04-04 03:38:44
269,Margate,51.3813,1.3862,41.7,70,99,7.0,overcast clouds,GB,2022-04-04 03:38:44
270,Jesus Carranza,17.4333,-95.0333,73.24,92,25,4.03,scattered clouds,MX,2022-04-04 03:38:44
271,Khasan,42.4308,130.6434,48.97,65,6,8.19,clear sky,RU,2022-04-04 03:38:45
272,Roald,62.5833,6.1333,37.76,100,75,9.22,light snow,NO,2022-04-04 03:38:45
273,Harper,4.375,-7.7169,79.63,85,100,9.66,overcast clouds,LR,2022-04-04 03:33:50
274,Sampit,-2.5333,112.95,91.31,54,18,1.48,few clouds,ID,2022-04-04 03:39:45
275,Moron,-34.6534,-58.6198,62.35,62,3,7.02,clear sky,AR,2022-04-04 03:39:46
276,Gigmoto,13.7796,124.39,83.89,69,100,14.23,overcast clouds,PH,2022-04-04 03:39:46
277,Comodoro Rivadavia,-45.8667,-67.5,55.26,44,0,19.57,clear sky,AR,2022-04-04 03:39:46
278,Craig,40.5153,-107.5464,38.82,52,0,0.0,clear sky,US,2022-04-04 03:39:47
279,Aykhal,66.0,111.5,8.01,89,100,17.36,overcast clouds,RU,2022-04-04 03:39:47
280,Antalaha,-14.9003,50.2788,77.36,80,73,4.03,broken clouds,MG,2022-04-04 03:39:47
281,Belmonte,-15.8631,-38.8828,76.6,83,1,6.6,clear sky,BR,2022-04-04 03:39:48
282,Yinchuan,38.4681,106.2731,63.84,7,100,4.5,overcast clouds,CN,2022-04-04 03:39:48
283,Kenai,60.5544,-151.2583,39.29,52,100,4.61,overcast clouds,US,2022-04-04 03:39:48
284,Colac,-38.3333,143.5833,58.84,53,82,8.72,broken clouds,AU,2022-04-04 03:39:48
285,Nova Venecia,-18.7106,-40.4006,70.79,95,0,2.48,clear sky,BR,2022-04-04 03:39:49
286,Ertil,51.8406,40.8056,32.13,94,100,7.96,light snow,RU,2022-04-04 03:39:49
287,Clyde River,70.4692,-68.5914,10.63,92,100,9.22,overcast clouds,CA,2022-04-04 03:39:50
288,Humberto De Campos,-2.5983,-43.4611,75.85,93,83,5.46,light rain,BR,2022-04-04 03:39:50
289,Port-Gentil,-0.7193,8.7815,80.37,79,95,6.04,overcast clouds,GA,2022-04-04 03:39:50
290,Linhares,-19.3911,-40.0722,72.21,92,20,2.39,few clouds,BR,2022-04-04 03:39:51
291,Maniitsoq,65.4167,-52.9,26.64,80,9,5.77,clear sky,GL,2022-04-04 03:39:51
292,Zharkent,44.1628,80.0,65.62,26,12,8.79,few clouds,KZ,2022-04-04 03:39:51
293,Tazovskiy,67.4667,78.7,11.5,95,100,14.76,overcast clouds,RU,2022-04-04 03:39:51
294,Hithadhoo,-0.6,73.0833,82.92,67,6,2.44,clear sky,MV,2022-04-04 03:39:52
295,Fremont,37.5483,-121.9886,58.24,70,0,10.36,clear sky,US,2022-04-04 03:39:52
296,Huarmey,-10.0681,-78.1522,69.48,86,85,8.57,overcast clouds,PE,2022-04-04 03:39:53
297,Nhulunbuy,-12.2333,136.7667,90.21,55,80,9.22,broken clouds,AU,2022-04-04 03:39:53
298,Nelson Bay,-32.7167,152.15,82.09,54,5,10.0,clear sky,AU,2022-04-04 03:37:08
299,Munkebo,55.4618,10.5558,40.82,82,100,23.49,overcast clouds,DK,2022-04-04 03:39:53
300,Antofagasta,-23.65,-70.4,58.28,71,25,5.84,scattered clouds,CL,2022-04-04 03:39:54
301,Santa Branca,-23.3967,-45.8839,64.06,98,62,2.35,broken clouds,BR,2022-04-04 03:39:54
302,Kutum,14.2,24.6667,70.14,13,19,3.11,few clouds,SD,2022-04-04 03:39:54
303,Vaitape,-16.5167,-151.75,82.33,70,7,12.62,clear sky,PF,2022-04-04 03:39:54
304,Estevan,49.1334,-102.9842,35.94,80,0,7.2,clear sky,CA,2022-04-04 03:36:55
305,Mehamn,71.0357,27.8492,22.95,93,40,4.61,light shower snow,NO,2022-04-04 03:39:55
306,Guerrero Negro,27.9769,-114.0611,59.76,74,0,12.91,clear sky,MX,2022-04-04 03:39:55
307,Murdochville,48.9583,-65.5006,29.28,97,100,2.95,overcast clouds,CA,2022-04-04 03:39:56
308,Pangnirtung,66.1451,-65.7125,22.39,97,100,3.62,light snow,CA,2022-04-04 03:39:56
309,Tuatapere,-46.1333,167.6833,62.04,62,71,5.21,broken clouds,NZ,2022-04-04 03:39:56
310,Tulle,45.3333,1.8333,24.04,87,6,3.74,clear sky,FR,2022-04-04 03:39:57
311,Sarapul,56.4763,53.7978,32.92,95,98,7.47,overcast clouds,RU,2022-04-04 03:39:57
312,Santa Fe,-31.6333,-60.7,66.99,88,2,3.0,clear sky,AR,2022-04-04 03:39:57
313,Saskylakh,71.9167,114.0833,-1.17,93,100,13.18,overcast clouds,RU,2022-04-04 03:39:57
314,Joensuu,62.6012,29.7632,21.69,84,100,2.3,overcast clouds,FI,2022-04-04 03:39:58
315,Bridgeton,39.4273,-75.2341,44.74,55,20,13.8,few clouds,US,2022-04-04 03:39:58
316,Kurchum,48.5722,83.6542,45.1,53,20,3.91,few clouds,KZ,2022-04-04 03:39:58
317,Iracoubo,5.4802,-53.2011,77.02,89,100,11.48,light rain,GF,2022-04-04 03:39:59
318,Mahibadhoo,3.7833,72.9667,83.21,64,41,0.81,scattered clouds,MV,2022-04-04 03:41:00
319,Onega,63.9061,38.1404,17.37,93,98,5.64,overcast clouds,RU,2022-04-04 03:41:00
320,Inhambane,-23.865,35.3833,75.18,88,40,4.61,scattered clouds,MZ,2022-04-04 03:41:01
321,Ancud,-41.8697,-73.8203,51.22,89,100,3.49,overcast clouds,CL,2022-04-04 03:41:01
322,San Antonio,29.4241,-98.4936,75.65,64,0,16.11,clear sky,US,2022-04-04 03:37:40
323,Davila,18.4726,120.5763,91.38,83,94,28.92,light rain,PH,2022-04-04 03:41:01
324,Kindu,-2.95,25.95,67.95,99,77,1.25,moderate rain,CD,2022-04-04 03:41:02
325,Selikhino,50.3672,137.4996,45.16,69,66,23.33,broken clouds,RU,2022-04-04 03:41:02
326,Japura,-0.3167,102.35,90.1,53,13,3.36,few clouds,ID,2022-04-04 03:41:02
327,Hamilton,39.1834,-84.5333,45.25,68,0,0.0,clear sky,US,2022-04-04 03:38:58
328,Weihai,37.5017,122.1136,57.0,52,0,12.08,clear sky,CN,2022-04-04 03:41:03
329,Sinnamary,5.3833,-52.95,77.13,89,100,11.14,light rain,GF,2022-04-04 03:41:03
330,Kendari,-3.945,122.4989,86.65,66,76,3.74,light rain,ID,2022-04-04 03:37:49
331,Kruisfontein,-34.0033,24.7314,57.88,93,13,6.35,few clouds,ZA,2022-04-04 03:41:04
332,Benghazi,32.1167,20.0667,66.2,51,0,12.77,clear sky,LY,2022-04-04 03:41:04
333,Fiki,39.5169,21.6556,44.35,73,99,3.74,overcast clouds,GR,2022-04-04 03:41:04
334,Vao,-22.6667,167.4833,79.56,84,61,12.57,light rain,NC,2022-04-04 03:41:05
335,Srednekolymsk,67.45,153.6833,8.19,83,92,5.59,overcast clouds,RU,2022-04-04 03:41:05
336,Nuuk,64.1835,-51.7216,34.41,86,8,13.8,clear sky,GL,2022-04-04 03:41:05
337,Caucaguita,10.3578,-66.8025,69.08,82,47,0.67,scattered clouds,VE,2022-04-04 03:41:06
338,Serowe,-22.3833,26.7167,64.42,84,69,1.39,light rain,BW,2022-04-04 03:40:59
339,Kigoma,-4.8769,29.6267,71.8,84,81,5.26,light rain,TZ,2022-04-04 03:41:06
340,Atkarsk,51.8718,45.0078,45.5,96,100,17.85,moderate rain,RU,2022-04-04 03:41:06
341,Altus,34.6381,-99.334,76.51,39,0,24.16,clear sky,US,2022-04-04 03:41:07
342,Bubaque,11.2833,-15.8333,74.79,70,20,18.5,few clouds,GW,2022-04-04 03:41:07
343,Sapa,5.1544,120.3241,83.19,71,26,3.89,light rain,PH,2022-04-04 03:41:07
344,Bambanglipuro,-7.95,110.2833,85.35,67,21,7.4,few clouds,ID,2022-04-04 03:41:08
345,Bud,39.447,-86.1758,47.86,66,77,5.66,broken clouds,US,2022-04-04 03:41:08
346,Airai,-8.9266,125.4092,75.6,47,9,2.39,clear sky,TL,2022-04-04 03:41:08
347,Kashi,39.4547,75.9797,61.81,29,3,6.71,clear sky,CN,2022-04-04 03:41:09
348,Grindavik,63.8424,-22.4338,37.35,87,75,11.5,broken clouds,IS,2022-04-04 03:41:09
349,Marienburg,54.0359,19.0266,37.11,86,98,14.27,overcast clouds,PL,2022-04-04 03:41:09
350,Alta Floresta,-9.8756,-56.0861,70.92,96,99,0.94,overcast clouds,BR,2022-04-04 03:41:10
351,Laukaa,58.7372,29.8453,25.18,97,47,5.26,scattered clouds,RU,2022-04-04 03:41:10
352,Buzmeyin,38.0507,58.2056,67.73,42,0,4.61,clear sky,TM,2022-04-04 03:41:10
353,Hami,42.8,93.45,61.86,16,24,4.52,few clouds,CN,2022-04-04 03:41:11
354,Axim,4.8699,-2.2405,80.15,87,100,7.7,moderate rain,GH,2022-04-04 03:41:11
355,Namatanai,-3.6667,152.4333,84.0,71,100,6.2,light rain,PG,2022-04-04 03:41:11
356,Muli,2.9167,73.5667,83.14,61,10,0.47,clear sky,MV,2022-04-04 03:41:12
357,Jardim,-21.4803,-56.1381,74.84,76,6,2.53,clear sky,BR,2022-04-04 03:41:12
358,Maryborough,-25.5333,152.7,82.11,46,6,7.0,clear sky,AU,2022-04-04 03:41:12
359,Walvis Bay,-22.9575,14.5053,59.09,82,0,3.44,clear sky,NA,2022-04-04 03:41:13
360,Baie-Saint-Paul,47.4411,-70.4986,37.17,66,100,5.01,overcast clouds,CA,2022-04-04 03:41:13
361,General Roca,-39.0333,-67.5833,53.47,36,2,9.17,clear sky,AR,2022-04-04 03:41:13
362,Fayetteville,35.0527,-78.8784,56.48,44,0,5.75,clear sky,US,2022-04-04 03:41:14
363,Tondano,1.3038,124.9112,77.09,69,27,2.89,light rain,ID,2022-04-04 03:41:14
364,Mamallapuram,12.6264,80.1722,86.05,64,70,7.74,broken clouds,IN,2022-04-04 03:41:14
365,Dubai,25.2582,55.3047,71.53,83,9,3.44,haze,AE,2022-04-04 03:42:11
366,Kalengwa,-13.4659,25.0027,63.37,98,99,3.44,overcast clouds,ZM,2022-04-04 03:42:15
367,Oxford,51.7522,-1.256,42.39,91,75,11.5,moderate rain,GB,2022-04-04 03:42:15
368,Karpathos,35.507,27.2132,55.36,88,46,2.3,scattered clouds,GR,2022-04-04 03:42:15
369,De-Kastri,51.4667,140.7833,52.16,53,100,15.48,overcast clouds,RU,2022-04-04 03:42:16
370,Mukdahan,16.5833,104.5,73.15,45,100,14.63,overcast clouds,TH,2022-04-04 03:42:16
371,Batagay-Alyta,67.8006,130.4114,7.3,83,99,3.38,overcast clouds,RU,2022-04-04 03:42:16
372,Quatre Cocos,-20.2078,57.7625,81.09,78,63,15.23,broken clouds,MU,2022-04-04 03:42:17
373,Los Alamos,35.8881,-106.307,55.76,29,40,9.22,scattered clouds,US,2022-04-04 03:42:17
374,Hue,16.4667,107.6,64.51,94,75,4.61,mist,VN,2022-04-04 03:42:18
375,Portadown,54.4241,-6.4412,51.62,94,100,15.57,overcast clouds,GB,2022-04-04 03:42:18
376,Narasannapeta,18.4167,84.05,88.61,55,47,11.74,scattered clouds,IN,2022-04-04 03:42:18
377,Darnah,32.767,22.6367,59.97,73,0,7.81,clear sky,LY,2022-04-04 03:42:19
378,Lieksa,63.3167,30.0167,15.39,99,98,1.54,overcast clouds,FI,2022-04-04 03:42:19
379,Lacombe,52.4668,-113.7353,38.32,52,1,7.76,clear sky,CA,2022-04-04 03:37:59
380,Husavik,66.0449,-17.3389,25.12,92,100,6.53,light snow,IS,2022-04-04 03:42:19
381,Coahuayana,18.7333,-103.6833,67.57,91,12,2.35,few clouds,MX,2022-04-04 03:42:20
382,Anadyr,64.75,177.4833,5.49,71,0,8.95,clear sky,RU,2022-04-04 03:42:20
383,Romny,50.751,33.4747,30.74,87,100,11.16,overcast clouds,UA,2022-04-04 03:42:20
384,Morganton,35.7454,-81.6848,48.49,53,0,5.75,clear sky,US,2022-04-04 03:42:21
385,Coquimbo,-29.9533,-71.3436,55.13,100,59,4.61,broken clouds,CL,2022-04-04 03:42:21
386,Gotsu,35.0,132.2167,54.55,51,0,10.71,clear sky,JP,2022-04-04 03:42:21
387,Sitka,57.0531,-135.33,39.09,81,100,9.22,moderate rain,US,2022-04-04 03:42:21
388,Ust-Kuyga,70.0167,135.6,1.74,83,88,3.06,overcast clouds,RU,2022-04-04 03:42:22
389,Carhuaz,-9.2819,-77.6447,56.84,93,100,1.95,moderate rain,PE,2022-04-04 03:42:22
390,Gerash,27.6652,54.1371,55.54,12,1,1.01,clear sky,IR,2022-04-04 03:42:22
391,Beohari,24.05,81.3833,97.12,7,2,9.78,clear sky,IN,2022-04-04 03:42:23
392,Karratha,-20.7377,116.8463,92.52,37,0,6.89,clear sky,AU,2022-04-04 03:42:23
393,Urumqi,43.801,87.6005,63.55,24,0,2.24,clear sky,CN,2022-04-04 03:42:23
394,Stornoway,58.2093,-6.3865,49.96,94,100,27.63,light rain,GB,2022-04-04 03:42:24
395,Livny,52.4253,37.6069,30.47,93,100,10.49,light snow,RU,2022-04-04 03:42:24
396,Kesova Gora,57.5836,37.2922,14.11,95,86,4.14,overcast clouds,RU,2022-04-04 03:42:24
397,Genhe,50.7833,121.5167,30.96,37,78,6.87,broken clouds,CN,2022-04-04 03:42:25
398,Naantali,60.4674,22.0243,35.85,80,20,6.91,few clouds,FI,2022-04-04 03:42:25
399,Zhongshu,24.5167,103.7667,62.44,56,1,6.6,clear sky,CN,2022-04-04 03:42:25
400,Shache,38.4167,77.2406,66.51,15,0,3.8,clear sky,CN,2022-04-04 03:42:26
401,Lincoln,40.8,-96.667,50.16,51,0,1.99,clear sky,US,2022-04-04 03:42:26
402,Lowestoft,52.4752,1.7516,43.45,75,100,25.21,light rain,GB,2022-04-04 03:42:26
403,Nanortalik,60.1432,-45.2371,35.31,79,100,5.82,overcast clouds,GL,2022-04-04 03:42:27
404,Dzhankoy,45.7167,34.4,41.25,75,95,13.91,overcast clouds,UA,2022-04-04 03:42:27
405,Kapan,39.2075,46.4058,61.79,47,99,6.06,overcast clouds,AM,2022-04-04 03:42:27
406,Mizdah,31.4451,12.9801,52.86,81,2,7.16,clear sky,LY,2022-04-04 03:42:28
407,Sistranda,63.7256,8.834,30.16,76,100,10.67,light snow,NO,2022-04-04 03:42:28
408,Effium,6.6292,8.0593,78.76,81,97,7.99,overcast clouds,NG,2022-04-04 03:42:28
409,Ekhabi,53.5102,142.9671,41.61,81,46,20.02,scattered clouds,RU,2022-04-04 03:43:29
410,Puerto Penasco,31.3167,-113.5333,64.9,69,0,7.52,clear sky,MX,2022-04-04 03:43:29
411,Carepa,7.7585,-76.6525,75.11,99,100,2.35,light rain,CO,2022-04-04 03:43:29
412,Thinadhoo,0.5333,72.9333,82.83,64,7,0.63,clear sky,MV,2022-04-04 03:43:30
413,Atambua,-9.1061,124.8925,82.94,62,32,3.89,scattered clouds,ID,2022-04-04 03:43:30
414,Malibu,34.005,-118.8101,61.0,90,43,5.99,scattered clouds,US,2022-04-04 03:40:29
415,Mount Isa,-20.7333,139.5,92.97,13,8,8.05,clear sky,AU,2022-04-04 03:43:30
416,Faanui,-16.4833,-151.75,82.29,70,6,12.57,clear sky,PF,2022-04-04 03:43:31
417,Ampanihy,-24.7,44.75,69.3,89,16,3.74,few clouds,MG,2022-04-04 03:43:31
418,Hirado,33.3597,129.5531,61.39,55,0,14.38,clear sky,JP,2022-04-04 03:43:31
419,Tarauaca,-8.1614,-70.7656,71.04,92,77,2.19,broken clouds,BR,2022-04-04 03:43:32
420,Ternate,0.8,127.4,83.95,71,80,6.64,broken clouds,ID,2022-04-04 03:43:32
421,Upland,34.0975,-117.6484,64.42,77,100,9.22,overcast clouds,US,2022-04-04 03:43:08
422,Kozhevnikovo,56.2589,83.9714,30.25,98,100,6.62,overcast clouds,RU,2022-04-04 03:43:32
423,Ulladulla,-35.35,150.4667,79.7,50,76,6.96,broken clouds,AU,2022-04-04 03:43:33
424,Kuala Terengganu,5.3302,103.1408,85.95,79,40,2.3,scattered clouds,MY,2022-04-04 03:43:33
425,Kulachi,31.9286,70.4592,88.99,8,2,5.26,clear sky,PK,2022-04-04 03:43:33
426,Srednyaya Akhtuba,48.7089,44.8667,46.06,66,98,22.53,overcast clouds,RU,2022-04-04 03:40:42
427,Oistins,13.0667,-59.5333,77.09,73,75,19.57,broken clouds,BB,2022-04-04 03:43:34
428,Ucluelet,48.9329,-125.5528,43.09,90,100,3.0,moderate rain,CA,2022-04-04 03:43:34
429,Bari,41.1177,16.8512,47.86,87,0,4.61,clear sky,IT,2022-04-04 03:43:34
430,Mogwase,-25.185,27.2665,61.25,94,100,0.87,moderate rain,ZA,2022-04-04 03:43:35
431,Santa Vitoria Do Palmar,-33.5189,-53.3681,62.42,96,10,4.83,clear sky,BR,2022-04-04 03:43:35
432,Rizhao,35.4275,119.4553,57.72,49,66,11.86,broken clouds,CN,2022-04-04 03:43:35
433,Ust-Karsk,52.7011,118.8077,30.16,26,40,9.26,scattered clouds,RU,2022-04-04 03:43:36
434,Ayagoz,47.9714,80.4392,49.06,49,93,3.62,overcast clouds,KZ,2022-04-04 03:43:36
435,Hervey Bay,-25.2986,152.8535,82.02,63,5,4.0,clear sky,AU,2022-04-04 03:43:36
436,Lukiv,51.0521,25.4006,25.32,87,25,8.9,scattered clouds,UA,2022-04-04 03:43:37
437,Iwanai,42.9744,140.5089,49.24,57,0,5.99,clear sky,JP,2022-04-04 03:43:37
438,Buncrana,55.1333,-7.45,49.84,97,100,19.06,overcast clouds,IE,2022-04-04 03:43:37
439,Eirunepe,-6.6603,-69.8736,71.42,93,77,2.15,broken clouds,BR,2022-04-04 03:43:38
440,Rio Gallegos,-51.6226,-69.2181,39.25,65,0,13.8,clear sky,AR,2022-04-04 03:43:38
441,Victoria Point,-27.5833,153.3,85.06,67,56,1.01,broken clouds,AU,2022-04-04 03:43:38
442,Kharp,66.8014,65.8081,17.46,94,100,18.92,snow,RU,2022-04-04 03:43:39
443,Khon Buri,14.5254,102.2459,77.02,52,94,10.71,overcast clouds,TH,2022-04-04 03:43:39
444,Coaldale,49.7167,-112.6185,43.92,65,40,17.27,scattered clouds,CA,2022-04-04 03:39:03
445,Doraha,30.8167,76.0167,91.45,6,3,1.19,clear sky,IN,2022-04-04 03:43:39
446,Dali,25.7,100.1833,58.73,74,98,3.53,light rain,CN,2022-04-04 03:43:40
447,Juxtlahuaca,17.4294,-99.1467,68.65,53,14,3.29,few clouds,MX,2022-04-04 03:43:40
448,Caohai,26.8661,104.2841,53.13,59,74,6.89,broken clouds,CN,2022-04-04 03:43:40
449,Taitung,22.7583,121.1444,77.27,57,40,11.5,scattered clouds,TW,2022-04-04 03:43:41
450,Merauke,-8.4667,140.3333,83.52,69,77,9.69,broken clouds,ID,2022-04-04 03:43:41
451,Anuradhapura,8.3565,80.4173,85.12,64,35,6.2,scattered clouds,LK,2022-04-04 03:43:41
452,Zhob,31.3411,69.4481,71.17,8,4,3.98,clear sky,PK,2022-04-04 03:43:41
453,Najran,17.4924,44.1277,59.65,14,57,1.25,broken clouds,SA,2022-04-04 03:43:42
454,Nemuro,43.3236,145.575,40.23,82,11,18.48,few clouds,JP,2022-04-04 03:43:42
455,Half Moon Bay,37.4636,-122.4286,57.11,72,0,28.77,mist,US,2022-04-04 03:43:42
456,Chilca,-12.5211,-76.7372,67.53,91,33,5.84,scattered clouds,PE,2022-04-04 03:44:43
457,Fare,-16.7,-151.0167,82.2,70,11,12.41,few clouds,PF,2022-04-04 03:44:43
458,Libreville,0.3925,9.4537,80.62,89,40,1.14,scattered clouds,GA,2022-04-04 03:44:43
459,Teterow,53.7833,12.5667,37.56,87,100,16.96,overcast clouds,DE,2022-04-04 03:44:44
460,Plettenberg Bay,-34.0527,23.3716,59.45,90,54,5.41,broken clouds,ZA,2022-04-04 03:44:44
461,Golden,39.7555,-105.2211,45.21,54,100,3.0,overcast clouds,US,2022-04-04 03:44:44
462,Rawlins,41.7911,-107.2387,40.35,25,0,3.44,clear sky,US,2022-04-04 03:43:01
463,Trinidad,-14.8333,-64.9,70.57,94,1,2.53,clear sky,BO,2022-04-04 03:44:45
464,Mangrol,21.1167,70.1167,82.94,54,0,7.63,clear sky,IN,2022-04-04 03:44:45
465,Merghindeal,45.9667,24.7333,25.41,89,29,2.73,scattered clouds,RO,2022-04-04 03:44:45
466,Tautira,-17.7333,-149.15,82.51,72,60,14.25,broken clouds,PF,2022-04-04 03:44:46
467,Vila Velha,-20.3297,-40.2925,76.95,94,75,3.44,broken clouds,BR,2022-04-04 03:43:07
468,Henties Bay,-22.116,14.2845,59.95,88,0,6.76,clear sky,NA,2022-04-04 03:44:46
469,Laguna,38.421,-121.4238,67.39,56,0,12.66,clear sky,US,2022-04-04 03:44:46
470,Weyburn,49.6668,-103.8511,35.82,80,36,8.05,scattered clouds,CA,2022-04-04 03:44:47
471,Safford,32.834,-109.7076,70.72,17,0,10.36,clear sky,US,2022-04-04 03:44:47
472,Paamiut,61.994,-49.6678,36.39,86,100,7.36,overcast clouds,GL,2022-04-04 03:44:47
473,Malangali,-8.5667,34.85,60.26,94,54,3.74,broken clouds,TZ,2022-04-04 03:44:48
474,Hibbing,47.4272,-92.9377,32.4,71,100,0.0,light snow,US,2022-04-04 03:44:48
475,Balabac,7.9868,117.0645,81.48,79,80,12.37,moderate rain,PH,2022-04-04 03:44:48
476,Palestine,31.9216,35.2033,62.94,29,0,2.64,clear sky,PS,2022-04-04 03:44:49
477,Praya,14.9215,-23.5087,68.54,73,20,8.05,few clouds,CV,2022-04-04 03:44:49
478,Santa Rosa,14.3122,121.1114,89.02,61,46,16.58,scattered clouds,PH,2022-04-04 03:44:49
479,Alekseyevskaya,50.2896,42.1845,37.81,90,100,14.74,overcast clouds,RU,2022-04-04 03:44:50
480,Nivala,63.9167,24.9667,12.69,96,100,4.45,overcast clouds,FI,2022-04-04 03:44:50
481,Sakhon Nakhon,17.1612,104.1472,71.55,49,75,4.61,broken clouds,TH,2022-04-04 03:44:50
482,Oktyabrskiy,54.4815,53.471,37.99,100,100,3.76,overcast clouds,RU,2022-04-04 03:44:51
483,Kungurtug,50.5994,97.5228,41.56,68,96,12.48,overcast clouds,RU,2022-04-04 03:44:51
484,Dunedin,-45.8742,170.5036,59.81,75,6,8.01,clear sky,NZ,2022-04-04 03:44:51
485,Amberley,39.2048,-84.428,45.1,68,0,1.99,clear sky,US,2022-04-04 03:44:52
486,Tuni,17.35,82.55,88.38,52,69,7.67,broken clouds,IN,2022-04-04 03:44:52
487,Bay Roberts,47.5999,-53.2648,34.29,86,11,5.01,few clouds,CA,2022-04-04 03:44:52
488,Amuntai,-2.4177,115.2494,92.8,49,59,2.55,broken clouds,ID,2022-04-04 03:44:53
489,Bakel,14.905,-12.4568,79.93,22,12,15.17,few clouds,SN,2022-04-04 03:44:53
490,Santa Cruz De La Palma,28.6835,-17.7642,59.14,72,0,8.05,clear sky,ES,2022-04-04 03:44:53
491,Sur,22.5667,59.5289,87.46,30,15,4.88,few clouds,OM,2022-04-04 03:44:54
492,Santiago,-33.4569,-70.6483,63.86,51,0,6.91,clear sky,CL,2022-04-04 03:44:54
493,Putina,-15.4667,-69.4333,44.4,82,100,4.14,overcast clouds,PE,2022-04-04 03:44:54
494,Dmitriyevka,54.75,55.3333,40.55,98,100,7.47,overcast clouds,RU,2022-04-04 03:44:55
495,Eucaliptus,-17.5833,-67.5167,49.14,73,62,8.61,light rain,BO,2022-04-04 03:44:55
496,Painesville,41.7245,-81.2457,38.03,91,100,0.0,overcast clouds,US,2022-04-04 03:41:09
497,Kuala Kedah,6.1,100.3,80.58,83,20,3.44,light rain,MY,2022-04-04 03:44:55
498,Itoman,26.1247,127.6694,72.37,56,20,18.41,few clouds,JP,2022-04-04 03:44:56
499,Aitape,-3.1374,142.3475,83.7,76,82,3.56,light rain,PG,2022-04-04 03:44:56
500,Blagoyevo,63.3667,47.9167,16.39,96,91,4.88,overcast clouds,RU,2022-04-04 03:44:56
501,Nouadhibou,20.931,-17.0347,64.38,94,20,9.22,few clouds,MR,2022-04-04 03:44:57
502,Emerald,-23.5333,148.1667,84.34,58,75,5.75,broken clouds,AU,2022-04-04 03:44:57
503,Cayenne,4.9333,-52.3333,80.1,1,100,2.3,overcast clouds,GF,2022-04-04 03:44:57
504,Severo-Kurilsk,50.6789,156.125,34.86,88,26,7.47,scattered clouds,RU,2022-04-04 03:45:58
505,Arandis,-22.4167,14.9667,58.15,74,0,2.35,clear sky,NA,2022-04-04 03:45:58
506,Samana,19.2056,-69.3369,72.77,88,48,4.68,scattered clouds,DO,2022-04-04 03:45:09
507,Aswan,24.0934,32.907,78.1,16,0,8.05,clear sky,EG,2022-04-04 03:45:58
508,Sakakah,29.9697,40.2064,63.97,20,76,6.11,broken clouds,SA,2022-04-04 03:45:59
509,Yaan,7.3833,8.5667,78.87,75,71,10.45,broken clouds,NG,2022-04-04 03:45:59
510,Aklavik,68.2191,-135.0107,-8.23,97,100,7.87,overcast clouds,CA,2022-04-04 03:45:59
511,Partizanskoye,55.5006,94.39,27.77,79,100,8.75,overcast clouds,RU,2022-04-04 03:45:59
512,Machilipatnam,16.1667,81.1333,87.17,61,92,10.92,overcast clouds,IN,2022-04-04 03:46:00
513,Opuwo,-18.0607,13.84,62.58,81,2,1.41,clear sky,NA,2022-04-04 03:46:00
514,Alghero,40.5589,8.3181,39.29,93,0,4.61,clear sky,IT,2022-04-04 03:46:00
515,Tura,25.5198,90.2201,74.71,86,74,7.18,light rain,IN,2022-04-04 03:46:01
516,Riverton,40.5219,-111.9391,53.02,34,0,8.99,clear sky,US,2022-04-04 03:45:18
517,Wenling,28.3669,121.36,58.37,57,3,7.83,clear sky,CN,2022-04-04 03:44:21
518,Booue,-0.0921,11.9385,73.09,98,100,0.85,overcast clouds,GA,2022-04-04 03:46:01
519,Sao Domingos Do Maranhao,-5.5758,-44.3853,72.21,88,76,1.99,broken clouds,BR,2022-04-04 03:46:01
520,Cabra,37.4725,-4.4421,43.18,59,99,7.02,overcast clouds,ES,2022-04-04 03:46:02
521,Rorvik,64.8621,11.2373,31.24,70,100,3.94,light snow,NO,2022-04-04 03:46:02
522,Manono,-7.3,27.4167,67.87,96,100,0.96,light rain,CD,2022-04-04 03:46:03
523,Poopo,-18.3667,-66.9667,48.04,65,93,2.19,overcast clouds,BO,2022-04-04 03:46:03
524,Mbandaka,0.0487,18.2603,71.94,90,100,0.92,overcast clouds,CD,2022-04-04 03:46:03
525,Griffith,41.5284,-87.4237,46.4,81,100,0.0,overcast clouds,US,2022-04-04 03:46:04
526,Labrea,-7.2586,-64.7981,72.81,94,38,1.97,scattered clouds,BR,2022-04-04 03:46:04
527,Mahajanga,-15.7167,46.3167,77.02,94,20,4.61,few clouds,MG,2022-04-04 03:46:04
528,Leshukonskoye,64.8989,45.7622,15.12,92,82,4.03,broken clouds,RU,2022-04-04 03:46:04
529,Prieska,-29.6641,22.7474,61.84,36,2,6.69,clear sky,ZA,2022-04-04 03:46:05
530,Spitsevka,45.1231,42.5125,43.21,62,77,19.44,broken clouds,RU,2022-04-04 03:46:05
531,Yagodnoye,62.55,149.6667,10.04,76,12,1.63,few clouds,RU,2022-04-04 03:46:05
532,Turner,44.2565,-70.2562,40.26,63,100,3.0,overcast clouds,US,2022-04-04 03:46:06
533,Joshimath,30.5667,79.5667,69.98,19,0,3.13,clear sky,IN,2022-04-04 03:46:06
534,Tahta,26.7693,31.5021,74.5,15,45,5.66,scattered clouds,EG,2022-04-04 03:46:06
535,Baiyin,36.5583,104.2081,57.9,12,100,15.19,overcast clouds,CN,2022-04-04 03:46:07
536,Constitucion,-35.3333,-72.4167,51.85,56,0,7.94,clear sky,CL,2022-04-04 03:45:26
537,Thunder Bay,48.4001,-89.3168,32.29,97,75,3.44,broken clouds,CA,2022-04-04 03:41:45
538,Iquitos,-3.7481,-73.2472,73.44,94,0,3.44,clear sky,PE,2022-04-04 03:42:08
539,Yarada,17.65,83.2667,86.32,70,20,11.5,few clouds,IN,2022-04-04 03:46:07
540,Boyolangu,-8.1181,111.8935,85.14,68,5,7.36,clear sky,ID,2022-04-04 03:46:08
541,College,64.8569,-147.8028,22.8,62,40,10.36,scattered clouds,US,2022-04-04 03:46:08
542,Nakamura,32.9833,132.9333,65.61,41,0,1.74,clear sky,JP,2022-04-04 03:46:08
543,Encheng,22.1839,112.3026,68.97,55,0,7.38,clear sky,CN,2022-04-04 03:46:09
544,Mayumba,-3.432,10.6554,76.39,90,100,3.4,overcast clouds,GA,2022-04-04 03:46:09
545,Vestmannaeyjar,63.4427,-20.2734,42.39,82,100,3.49,overcast clouds,IS,2022-04-04 03:46:09
546,Tangara,-6.1994,-35.8017,72.36,95,13,3.11,few clouds,BR,2022-04-04 03:46:10
547,Lagoa,39.05,-27.9833,58.57,73,98,12.93,overcast clouds,PT,2022-04-04 03:46:10
548,Kibala,9.1104,18.3463,82.17,51,97,7.0,overcast clouds,TD,2022-04-04 03:46:10
549,Qandala,11.472,49.8728,86.09,36,7,2.86,clear sky,SO,2022-04-04 03:46:11
550,Hay River,60.8156,-115.7999,37.38,56,75,13.8,broken clouds,CA,2022-04-04 03:45:28
551,Nantucket,41.2835,-70.0995,42.91,83,100,6.91,overcast clouds,US,2022-04-04 03:46:20
552,Safaga,26.7292,33.9365,74.79,34,59,14.7,broken clouds,EG,2022-04-04 03:47:11
553,Makinsk,52.6292,70.4169,40.66,78,100,10.2,overcast clouds,KZ,2022-04-04 03:47:12
554,Daud Khel,32.875,71.5701,87.48,11,4,2.77,clear sky,PK,2022-04-04 03:47:12
555,Chikitigarh,19.2,84.6167,92.26,43,51,9.19,broken clouds,IN,2022-04-04 03:47:12
556,Gat,31.61,34.7642,71.4,45,0,5.79,clear sky,IL,2022-04-04 03:46:03
557,Turayf,31.6725,38.6637,57.45,33,0,9.22,clear sky,SA,2022-04-04 03:47:13
558,Syracuse,37.0881,15.2792,54.77,70,100,8.41,overcast clouds,IT,2022-04-04 03:42:17
559,Chara,56.9064,118.2631,15.98,52,100,5.12,overcast clouds,RU,2022-04-04 03:47:13
560,Okhotsk,59.3833,143.3,24.93,89,100,18.12,light snow,RU,2022-04-04 03:47:14
561,Fort-Shevchenko,44.5086,50.263,48.74,74,100,12.46,overcast clouds,KZ,2022-04-04 03:47:14
562,Barra Do Garcas,-15.89,-52.2567,72.57,73,6,1.95,clear sky,BR,2022-04-04 03:47:14
563,Bosaso,11.2842,49.1816,82.65,44,3,8.23,clear sky,SO,2022-04-04 03:47:15
564,Lensk,60.7253,114.9278,20.53,78,100,10.87,overcast clouds,RU,2022-04-04 03:47:15
565,Male,4.1748,73.5089,85.95,74,20,3.44,few clouds,MV,2022-04-04 03:47:15
566,Fairview,40.8126,-73.999,42.03,66,0,21.85,clear sky,US,2022-04-04 03:47:16
567,Santa Isabel Do Rio Negro,-0.4139,-65.0192,72.97,99,97,2.24,overcast clouds,BR,2022-04-04 03:47:16
568,Gatton,-27.55,152.2833,81.54,59,45,3.38,scattered clouds,AU,2022-04-04 03:47:16
569,Kropotkin,45.4375,40.5756,45.91,73,22,19.17,few clouds,RU,2022-04-04 03:47:17
570,Ughelli,5.4899,6.0074,76.59,92,100,3.29,overcast clouds,NG,2022-04-04 03:47:17
571,Buraydah,26.326,43.975,66.65,13,94,5.19,overcast clouds,SA,2022-04-04 03:47:17
572,Araouane,18.9048,-3.5265,80.44,15,3,5.5,clear sky,ML,2022-04-04 03:47:18
573,Kapoeta,4.7717,33.5903,81.84,36,96,12.55,overcast clouds,SS,2022-04-04 03:47:18
574,Lugovoy,42.9472,72.7644,63.57,30,100,0.94,overcast clouds,KZ,2022-04-04 03:47:18
575,Arcata,40.8665,-124.0828,51.75,85,0,0.0,mist,US,2022-04-04 03:47:19
576,Kloulklubed,7.0419,134.2556,82.9,76,100,4.36,light rain,PW,2022-04-04 03:47:19
577,Pontes E Lacerda,-15.2261,-59.3353,70.99,96,2,3.31,clear sky,BR,2022-04-04 03:47:19
578,Cananea,30.95,-110.3,51.64,41,0,7.18,clear sky,MX,2022-04-04 03:47:20
579,Staraya Poltavka,50.4772,46.4814,46.65,88,100,18.57,light rain,RU,2022-04-04 03:47:20
580,Severnoye,56.3491,78.3619,34.66,100,100,9.93,overcast clouds,RU,2022-04-04 03:47:20
581,Christchurch,-43.5333,172.6333,67.95,68,40,8.05,scattered clouds,NZ,2022-04-04 03:45:05
582,Paignton,50.4357,-3.5679,46.72,86,98,8.99,overcast clouds,GB,2022-04-04 03:47:21
583,Alepe,5.5004,-3.6631,82.27,96,100,3.83,light rain,CI,2022-04-04 03:47:21
584,Bembereke,10.2283,2.6634,78.53,58,62,7.78,broken clouds,BJ,2022-04-04 03:47:21
585,Yalova,40.655,29.2769,47.34,79,89,3.44,overcast clouds,TR,2022-04-04 03:47:22
586,Algiers,36.7525,3.042,44.42,93,75,3.44,broken clouds,DZ,2022-04-04 03:47:04
587,Bahia Blanca,-38.7196,-62.2724,52.11,35,8,9.33,clear sky,AR,2022-04-04 03:47:22
588,Podporozhye,60.9112,34.1706,19.72,95,97,4.29,overcast clouds,RU,2022-04-04 03:47:22
589,Mandalgovi,45.7625,106.2708,50.5,23,100,20.24,overcast clouds,MN,2022-04-04 03:44:43
590,Barcelos,41.5388,-8.6151,44.74,67,4,8.79,clear sky,PT,2022-04-04 03:47:23
591,Roquetas De Mar,36.7642,-2.6148,53.62,52,100,17.74,overcast clouds,ES,2022-04-04 03:47:23
592,Wanaka,-44.7,169.15,74.1,30,20,3.0,few clouds,NZ,2022-04-04 03:47:23
593,Verkhoyansk,67.5447,133.385,10.74,80,100,3.74,overcast clouds,RU,2022-04-04 03:47:24
594,Eydhafushi,5.1033,73.0708,83.1,66,15,0.56,few clouds,MV,2022-04-04 03:47:24
595,Am Timan,11.0297,20.2827,84.04,41,81,3.91,broken clouds,TD,2022-04-04 03:47:24
596,High Level,58.5169,-117.136,41.11,52,75,3.44,broken clouds,CA,2022-04-04 03:47:25
597,Stephenville,32.2207,-98.2023,74.19,46,0,14.97,clear sky,US,2022-04-04 03:47:25
598,Cordele,31.9635,-83.7824,57.72,82,0,0.0,clear sky,US,2022-04-04 03:48:25
599,Hidrolandia,-4.4081,-40.4378,71.69,96,74,1.9,broken clouds,BR,2022-04-04 03:48:26
600,Xichang,27.8964,102.2634,52.32,90,100,4.81,light rain,CN,2022-04-04 03:48:26
601,Monrovia,6.3005,-10.7969,78.04,87,49,4.72,scattered clouds,LR,2022-04-04 03:44:48
602,Weligama,5.9667,80.4167,82.63,74,56,4.27,light rain,LK,2022-04-04 03:48:26
603,Maragogi,-9.0122,-35.2225,77.7,81,74,7.76,light rain,BR,2022-04-04 03:48:27
604,Zhigansk,66.7697,123.3711,8.26,82,64,12.21,broken clouds,RU,2022-04-04 03:48:27
605,Betong,5.7743,101.0723,81.91,77,77,1.25,light rain,TH,2022-04-04 03:48:27
606,Gornyy,55.1153,83.9059,33.96,100,100,5.91,overcast clouds,RU,2022-04-04 03:48:28
607,Palmer,42.1584,-72.3287,39.61,84,100,4.61,light rain,US,2022-04-04 03:48:28
608,Baoqing,46.3317,132.2111,64.0,26,2,16.62,clear sky,CN,2022-04-04 03:48:28
609,Sturgeon Falls,46.3646,-79.9326,33.76,95,17,3.38,few clouds,CA,2022-04-04 03:48:29
610,Makakilo City,21.3469,-158.0858,79.12,61,75,17.27,broken clouds,US,2022-04-04 03:48:29
611,Goderich,43.7501,-81.7165,31.91,93,27,2.3,scattered clouds,CA,2022-04-04 03:48:29
612,Garowe,8.4054,48.4845,71.92,74,11,3.74,few clouds,SO,2022-04-04 03:48:30
613,Ruda Slaska,50.2584,18.8563,30.99,79,82,4.0,broken clouds,PL,2022-04-04 03:48:30
614,Steamboat Springs,40.485,-106.8317,40.5,42,0,4.61,clear sky,US,2022-04-04 03:48:30
615,Auki,-8.7676,160.7034,81.77,81,94,8.23,light rain,SB,2022-04-04 03:48:31
616,Lethem,3.3803,-59.7968,74.68,91,97,1.9,light rain,GY,2022-04-04 03:48:31
617,Lapi,17.716,121.8978,74.79,95,100,5.57,moderate rain,PH,2022-04-04 03:48:31
618,Sao Gabriel Da Cachoeira,-0.1303,-67.0892,72.14,98,100,1.97,overcast clouds,BR,2022-04-04 03:48:32
619,Mmabatho,-25.85,25.6333,57.16,94,75,10.36,thunderstorm with heavy rain,ZA,2022-04-04 03:48:32
620,Tygda,53.1167,126.3333,34.16,30,10,12.77,clear sky,RU,2022-04-04 03:48:32
621,Arman,59.7,150.1667,22.6,73,69,1.97,broken clouds,RU,2022-04-04 03:48:32
622,Chumikan,54.7183,135.315,29.75,92,100,6.15,light snow,RU,2022-04-04 03:48:33
623,Nyakahanga,-1.6033,31.1414,57.13,79,76,2.1,light rain,TZ,2022-04-04 03:48:33
624,Gamba,-2.65,10.0,76.12,93,99,2.08,overcast clouds,GA,2022-04-04 03:48:33
625,Ahipara,-35.1667,173.1667,70.47,75,38,0.47,scattered clouds,NZ,2022-04-04 03:48:34
626,Iquique,-20.2208,-70.1431,62.64,78,22,3.74,few clouds,CL,2022-04-04 03:46:11
627,Along,28.1667,94.7667,67.5,98,100,0.94,moderate rain,IN,2022-04-04 03:48:34
628,Quisqueya,18.5554,-69.4081,79.14,85,66,6.76,broken clouds,DO,2022-04-04 03:48:34
629,Krasnokamensk,50.0979,118.0369,32.16,38,100,6.4,overcast clouds,RU,2022-04-04 03:48:35
630,Olafsvik,64.8945,-23.7142,32.02,74,97,21.05,overcast clouds,IS,2022-04-04 03:48:35
631,Shaunavon,49.6501,-108.4181,42.58,36,100,10.83,overcast clouds,CA,2022-04-04 03:48:35
632,Bombay,19.0144,72.8479,85.89,79,29,5.75,haze,IN,2022-04-04 03:45:56
633,Hongjiang,27.11,109.9956,71.15,49,55,2.62,broken clouds,CN,2022-04-04 03:48:36
634,Uyovu,-3.2833,31.5258,61.66,97,74,4.59,broken clouds,TZ,2022-04-04 03:48:36
635,Morrope,-6.5417,-80.0111,70.36,78,65,13.31,broken clouds,PE,2022-04-04 03:48:36
636,Esmeraldas,-19.7625,-44.3139,72.46,93,7,4.14,clear sky,BR,2022-04-04 03:48:37
637,At-Bashi,41.1702,75.8106,43.81,53,4,3.51,clear sky,KG,2022-04-04 03:48:37
638,Loandjili,-4.7561,11.8578,77.11,94,20,3.44,few clouds,CG,2022-04-04 03:48:37
639,Areosa,41.7178,-8.8571,41.04,72,7,6.33,clear sky,PT,2022-04-04 03:48:38
640,Benjamin Constant,-4.3831,-70.0311,73.53,97,18,1.25,few clouds,BR,2022-04-04 03:48:38
641,Yakeshi,49.2833,120.7333,32.23,55,51,7.02,broken clouds,CN,2022-04-04 03:48:38
642,Burgeo,47.6167,-57.6152,31.05,93,90,10.69,overcast clouds,CA,2022-04-04 03:45:28
643,Ladario,-19.0047,-57.6017,75.13,75,0,1.14,clear sky,BR,2022-04-04 03:48:39
644,Kahului,20.8947,-156.47,78.82,70,20,23.02,few clouds,US,2022-04-04 03:48:09
645,Havelock,34.8791,-76.9013,60.78,45,0,10.36,clear sky,US,2022-04-04 03:49:39
646,Bhatkal,13.9667,74.5667,85.48,64,39,4.03,scattered clouds,IN,2022-04-04 03:49:39
647,Baikunthpur,23.25,82.55,95.72,6,2,8.95,clear sky,IN,2022-04-04 03:49:40
648,Archidona,37.0965,-4.3887,48.67,73,99,3.6,overcast clouds,ES,2022-04-04 03:49:40
649,Eshowe,-28.8865,31.4699,64.71,77,89,4.9,overcast clouds,ZA,2022-04-04 03:49:40
650,Kenora,49.8167,-94.4337,34.77,64,75,3.44,broken clouds,CA,2022-04-04 03:44:44
651,Ketou,7.3633,2.5998,78.4,88,99,4.32,overcast clouds,BJ,2022-04-04 03:49:41
652,Moses Lake,47.1301,-119.2781,55.76,41,0,11.5,clear sky,US,2022-04-04 03:49:31
653,Rincon,32.296,-81.2354,64.85,62,0,0.0,clear sky,US,2022-04-04 03:49:41
654,Great Bend,38.3645,-98.7648,56.61,35,100,12.66,overcast clouds,US,2022-04-04 03:49:41
655,Miles City,46.4083,-105.8406,47.37,46,0,4.61,clear sky,US,2022-04-04 03:49:42
656,Komsomolskiy,40.4272,71.7189,66.92,39,95,2.3,overcast clouds,UZ,2022-04-04 03:49:42
657,Brae,60.3964,-1.353,42.91,92,100,18.37,light rain,GB,2022-04-04 03:49:42
658,Sungaipenuh,-2.0833,101.3833,82.67,43,9,4.0,clear sky,ID,2022-04-04 03:49:43
659,Alyangula,-13.8483,136.4192,78.67,94,75,8.05,heavy intensity shower rain,AU,2022-04-04 03:49:43
660,Mosetse,-20.75,26.65,65.68,74,93,6.06,overcast clouds,BW,2022-04-04 03:49:43
661,Pemba,-12.974,40.5178,75.9,94,20,3.44,few clouds,MZ,2022-04-04 03:49:44
662,Searcy,35.2506,-91.7363,57.2,58,0,4.61,clear sky,US,2022-04-04 03:49:44
663,Salinopolis,-0.6136,-47.3561,77.9,88,100,7.25,moderate rain,BR,2022-04-04 03:49:44
664,Kozachi Laheri,46.7037,32.9776,35.08,82,43,12.41,scattered clouds,UA,2022-04-04 03:49:45
665,Shimoda,34.6667,138.95,52.16,88,100,11.41,moderate rain,JP,2022-04-04 03:49:45
666,Alpharetta,34.0754,-84.2941,55.2,60,3,4.21,clear sky,US,2022-04-04 03:49:09
667,Zaranj,30.9667,61.8833,62.56,10,5,3.11,clear sky,AF,2022-04-04 03:49:45
668,Diapaga,12.0708,1.7889,83.44,45,18,5.14,few clouds,BF,2022-04-04 03:49:46
669,Mindelo,16.8901,-24.9804,71.15,68,20,5.75,few clouds,CV,2022-04-04 03:49:46
670,Umm Kaddadah,13.6017,26.6876,76.24,13,27,0.56,scattered clouds,SD,2022-04-04 03:49:46
671,Ust-Omchug,61.15,149.6333,14.25,69,82,1.03,broken clouds,RU,2022-04-04 03:49:47
672,Kirakira,-10.4544,161.9205,81.23,85,90,13.15,moderate rain,SB,2022-04-04 03:49:47
673,Luganville,-15.5333,167.1667,82.26,77,100,10.47,overcast clouds,VU,2022-04-04 03:49:47
674,Tomatlan,19.9333,-105.25,63.91,93,14,1.01,few clouds,MX,2022-04-04 03:49:48
675,Tabursuq,36.4569,9.2475,43.09,89,100,4.81,overcast clouds,TN,2022-04-04 03:49:48
676,Vulcan,45.3833,23.2667,23.92,80,15,3.4,few clouds,RO,2022-04-04 03:49:48
677,Rumoi,43.9344,141.6428,49.37,47,0,7.72,clear sky,JP,2022-04-04 03:49:45
678,Palauig,15.435,119.9045,86.49,58,51,7.85,broken clouds,PH,2022-04-04 03:49:49
679,Zamora,-4.0692,-78.9567,68.52,99,70,0.31,broken clouds,EC,2022-04-04 03:49:49
680,Praia,14.9215,-23.5087,68.54,73,20,8.05,few clouds,CV,2022-04-04 03:49:49
681,Champasak,14.75,106.0,76.08,46,80,2.55,broken clouds,LA,2022-04-04 03:49:50
682,Sola,-13.8833,167.55,84.87,84,100,0.0,overcast clouds,VU,2022-04-04 03:49:50
683,Chabahar,25.2919,60.643,79.48,57,0,2.44,clear sky,IR,2022-04-04 03:49:50
684,Saint-Vallier,46.6411,4.3711,29.12,87,23,1.36,few clouds,FR,2022-04-04 03:49:51
685,Chimala,-8.85,34.0167,62.87,87,44,2.89,scattered clouds,TZ,2022-04-04 03:49:51
686,Pochutla,15.7432,-96.4661,77.83,61,0,5.37,clear sky,MX,2022-04-04 03:49:51
687,Strezhevoy,60.7333,77.5889,28.85,93,100,19.33,overcast clouds,RU,2022-04-04 03:45:14
688,Nome,64.5011,-165.4064,19.47,58,0,8.05,clear sky,US,2022-04-04 03:49:52
689,Yankton,42.8711,-97.3973,36.12,75,75,19.57,broken clouds,US,2022-04-04 03:49:52
690,Khash,28.2211,61.2158,72.03,11,73,0.51,broken clouds,IR,2022-04-04 03:50:53
691,Kuryk,43.2,51.65,53.42,70,80,9.86,broken clouds,KZ,2022-04-04 03:50:53
692,Tangping,22.0265,111.9323,69.12,46,0,7.78,clear sky,CN,2022-04-04 03:50:53
693,Alto Araguaia,-17.3147,-53.2153,68.94,78,3,2.42,clear sky,BR,2022-04-04 03:50:53
694,Asau,46.4333,26.4,31.28,94,97,3.4,overcast clouds,RO,2022-04-04 03:50:54
695,Batticaloa,7.7102,81.6924,82.65,72,75,4.56,light rain,LK,2022-04-04 03:50:54
696,Balclutha,-46.2339,169.75,59.67,65,36,6.24,scattered clouds,NZ,2022-04-04 03:50:54
697,Puerto Carreno,6.189,-67.4859,79.45,73,100,4.32,overcast clouds,CO,2022-04-04 03:50:55
698,Shahr-E Babak,30.1165,55.1186,64.87,11,0,6.17,clear sky,IR,2022-04-04 03:50:55
699,Guerrero,17.6667,-100.0,69.13,60,0,6.13,clear sky,MX,2022-04-04 03:50:55
700,Takaka,-40.85,172.8,69.57,57,11,2.3,few clouds,NZ,2022-04-04 03:50:56
701,Mahonda,-6.45,39.4667,78.91,73,10,5.44,light rain,TZ,2022-04-04 03:50:56
702,Yizheng,24.6706,103.4296,60.42,57,3,9.35,clear sky,CN,2022-04-04 03:50:56
